"","x","y"
"1",0,7.35
"2",0.0116324586977648,4.9
"3",0.0232649173955296,7.35
"4",0.0348973760932945,5.5125
"5",0.0465298347910593,7.35
"6",0.0581622934888241,7.35
"7",0.0697947521865889,7.35
"8",0.0814272108843537,7.35
"9",0.0930596695821186,7.35
"10",0.104692128279883,7.35
"11",0.116324586977648,7.35
"12",0.127957045675413,7.35
"13",0.139589504373178,7.35
"14",0.151221963070943,4.41
"15",0.162854421768707,4.41
"16",0.174486880466472,4.9
"17",0.186119339164237,4.9
"18",0.197751797862002,7.35
"19",0.209384256559767,7.35
"20",0.221016715257532,7.35
"21",0.232649173955296,7.35
"22",0.244281632653061,4.9
"23",0.255914091350826,0.29205298013245
"24",0.267546550048591,0.264071856287425
"25",0.279179008746356,0.259411764705882
"26",0.290811467444121,0.26094674556213
"27",0.302443926141885,0.2625
"28",0.31407638483965,0.26094674556213
"29",0.325708843537415,0.26094674556213
"30",0.33734130223518,0.26094674556213
"31",0.348973760932945,0.2625
"32",0.360606219630709,0.26094674556213
"33",0.372238678328474,0.26094674556213
"34",0.383871137026239,0.26094674556213
"35",0.395503595724004,0.2625
"36",0.407136054421769,0.26094674556213
"37",0.418768513119534,0.2625
"38",0.430400971817298,0.2625
"39",0.442033430515063,0.2625
"40",0.453665889212828,0.2625
"41",0.465298347910593,0.2625
"42",0.476930806608358,0.2625
"43",0.488563265306122,0.26566265060241
"44",0.500195724003887,0.264071856287425
"45",0.511828182701652,0.264071856287425
"46",0.523460641399417,0.2625
"47",0.535093100097182,0.2625
"48",0.546725558794947,0.2625
"49",0.558358017492711,0.264071856287425
"50",0.569990476190476,0.2625
"51",0.581622934888241,0.2625
"52",0.593255393586006,0.26094674556213
"53",0.604887852283771,0.2625
"54",0.616520310981535,0.2625
"55",0.6281527696793,0.264071856287425
"56",0.639785228377065,0.2625
"57",0.65141768707483,0.264071856287425
"58",0.663050145772595,0.2625
"59",0.67468260447036,0.264071856287425
"60",0.686315063168124,0.2625
"61",0.697947521865889,0.26566265060241
"62",0.709579980563654,0.26566265060241
"63",0.721212439261419,0.26566265060241
"64",0.732844897959184,0.2625
"65",0.744477356656948,0.2625
"66",0.756109815354713,0.26094674556213
"67",0.767742274052478,0.2625
"68",0.779374732750243,0.2625
"69",0.791007191448008,0.264071856287425
"70",0.802639650145773,0.264071856287425
"71",0.814272108843537,0.264071856287425
"72",0.825904567541302,0.26094674556213
"73",0.837537026239067,0.264071856287425
"74",0.849169484936832,0.26566265060241
"75",0.860801943634597,0.267272727272727
"76",0.872434402332361,0.26566265060241
"77",0.884066861030126,0.26566265060241
"78",0.895699319727891,0.2625
"79",0.907331778425656,0.264071856287425
"80",0.918964237123421,0.2625
"81",0.930596695821186,0.26566265060241
"82",0.94222915451895,0.264071856287425
"83",0.953861613216715,0.264071856287425
"84",0.96549407191448,0.2625
"85",0.977126530612245,0.2625
"86",0.98875898931001,0.26094674556213
"87",1.00039144800777,0.264071856287425
"88",1.01202390670554,0.2625
"89",1.0236563654033,0.26566265060241
"90",1.03528882410107,0.264071856287425
"91",1.04692128279883,0.264071856287425
"92",1.0585537414966,0.26094674556213
"93",1.07018620019436,0.2625
"94",1.08181865889213,0.26566265060241
"95",1.09345111758989,0.267272727272727
"96",1.10508357628766,0.264071856287425
"97",1.11671603498542,0.26566265060241
"98",1.12834849368319,0.26094674556213
"99",1.13998095238095,0.264071856287425
"100",1.15161341107872,0.267272727272727
"101",1.16324586977648,0.264071856287425
"102",1.17487832847425,0.257894736842105
"103",1.18651078717201,0.264071856287425
"104",1.19814324586978,0.2625
"105",1.20977570456754,0.264071856287425
"106",1.22140816326531,0.26094674556213
"107",1.23304062196307,0.264071856287425
"108",1.24467308066084,0.26566265060241
"109",1.2563055393586,0.26094674556213
"110",1.26793799805637,7.35
"111",1.27957045675413,0.26566265060241
"112",1.29120291545189,0.26094674556213
"113",1.30283537414966,7.35
"114",1.31446783284742,0.264071856287425
"115",1.32610029154519,7.35
"116",1.33773275024295,4.9
"117",1.34936520894072,7.35
"118",1.36099766763848,7.35
"119",1.37263012633625,6.3
"120",1.38426258503401,6.3
"121",1.39589504373178,7.35
"122",1.40752750242954,7.35
"123",1.41915996112731,7.35
"124",1.43079241982507,4.41
"125",1.44242487852284,2.94
"126",1.4540573372206,7.35
"127",1.46568979591837,7.35
"128",1.47732225461613,6.3
"129",1.4889547133139,7.35
"130",1.50058717201166,4.41
"131",1.51221963070943,7.35
"132",1.52385208940719,0.216176470588235
"133",1.53548454810496,0.235828877005348
"134",1.54711700680272,0.275625
"135",1.55874946550049,0.275625
"136",1.57038192419825,0.275625
"137",1.58201438289602,0.277358490566038
"138",1.59364684159378,0.277358490566038
"139",1.60527930029155,0.277358490566038
"140",1.61691175898931,0.275625
"141",1.62854421768707,0.277358490566038
"142",1.64017667638484,0.279113924050633
"143",1.6518091350826,0.277358490566038
"144",1.66344159378037,0.277358490566038
"145",1.67507405247813,0.279113924050633
"146",1.6867065111759,0.279113924050633
"147",1.69833896987366,0.277358490566038
"148",1.70997142857143,0.279113924050633
"149",1.72160388726919,0.277358490566038
"150",1.73323634596696,0.277358490566038
"151",1.74486880466472,0.279113924050633
"152",1.75650126336249,0.277358490566038
"153",1.76813372206025,0.277358490566038
"154",1.77976618075802,0.277358490566038
"155",1.79139863945578,0.277358490566038
"156",1.80303109815355,0.277358490566038
"157",1.81466355685131,0.277358490566038
"158",1.82629601554908,0.277358490566038
"159",1.83792847424684,0.277358490566038
"160",1.84956093294461,0.280891719745223
"161",1.86119339164237,0.277358490566038
"162",1.87282585034014,0.277358490566038
"163",1.8844583090379,0.279113924050633
"164",1.89609076773567,0.280891719745223
"165",1.90772322643343,0.277358490566038
"166",1.9193556851312,0.280891719745223
"167",1.93098814382896,0.279113924050633
"168",1.94262060252672,0.279113924050633
"169",1.95425306122449,0.279113924050633
"170",1.96588551992225,0.280891719745223
"171",1.97751797862002,0.279113924050633
"172",1.98915043731778,0.280891719745223
"173",2.00078289601555,0.280891719745223
"174",2.01241535471331,0.279113924050633
"175",2.02404781341108,0.279113924050633
"176",2.03568027210884,0.280891719745223
"177",2.04731273080661,0.279113924050633
"178",2.05894518950437,0.279113924050633
"179",2.07057764820214,0.279113924050633
"180",2.0822101068999,0.280891719745223
"181",2.09384256559767,0.279113924050633
"182",2.10547502429543,0.280891719745223
"183",2.1171074829932,0.280891719745223
"184",2.12873994169096,0.279113924050633
"185",2.14037240038873,0.280891719745223
"186",2.15200485908649,0.279113924050633
"187",2.16363731778426,0.280891719745223
"188",2.17526977648202,0.280891719745223
"189",2.18690223517979,0.279113924050633
"190",2.19853469387755,0.279113924050633
"191",2.21016715257532,0.284516129032258
"192",2.22179961127308,0.280891719745223
"193",2.23343206997085,0.279113924050633
"194",2.24506452866861,0.279113924050633
"195",2.25669698736638,0.280891719745223
"196",2.26832944606414,0.275625
"197",2.2799619047619,0.280891719745223
"198",2.29159436345967,0.279113924050633
"199",2.30322682215743,0.279113924050633
"200",2.3148592808552,0.277358490566038
"201",2.32649173955296,0.277358490566038
"202",2.33812419825073,0.277358490566038
"203",2.34975665694849,0.279113924050633
"204",2.36138911564626,0.279113924050633
"205",2.37302157434402,0.277358490566038
"206",2.38465403304179,0.279113924050633
"207",2.39628649173955,0.282692307692308
"208",2.40791895043732,0.279113924050633
"209",2.41955140913508,0.279113924050633
"210",2.43118386783285,0.282692307692308
"211",2.44281632653061,0.277358490566038
"212",2.45444878522838,0.277358490566038
"213",2.46608124392614,0.282692307692308
"214",2.47771370262391,0.280891719745223
"215",2.48934616132167,0.277358490566038
"216",2.50097862001944,0.280891719745223
"217",2.5126110787172,0.280891719745223
"218",2.52424353741497,0.279113924050633
"219",2.53587599611273,0.280891719745223
"220",2.5475084548105,0.280891719745223
"221",2.55914091350826,0.280891719745223
"222",2.57077337220603,0.280891719745223
"223",2.58240583090379,0.277358490566038
"224",2.59403828960156,0.279113924050633
"225",2.60567074829932,0.280891719745223
"226",2.61730320699708,0.280891719745223
"227",2.62893566569485,0.273913043478261
"228",2.64056812439261,0.280891719745223
"229",2.65220058309038,0.280891719745223
"230",2.66383304178814,0.273913043478261
"231",2.67546550048591,7.35
"232",2.68709795918367,7.35
"233",2.69873041788144,7.35
"234",2.7103628765792,7.35
"235",2.72199533527697,4.9
"236",2.73362779397473,7.35
"237",2.7452602526725,2.94
"238",2.75689271137026,4.41
"239",2.76852517006803,7.35
"240",2.78015762876579,7.35
"241",2.79179008746356,7.35
"242",2.80342254616132,7.35
"243",2.81505500485909,7.35
"244",2.82668746355685,7.35
"245",2.83831992225462,4.9
"246",2.84995238095238,4.9
"247",2.86158483965015,7.35
"248",2.87321729834791,4.9
"249",2.88484975704568,0.390265486725664
"250",2.89648221574344,0.297972972972973
"251",2.9081146744412,0.297972972972973
"252",2.91974713313897,0.295973154362416
"253",2.93137959183673,0.295973154362416
"254",2.9430120505345,0.295973154362416
"255",2.95464450923226,0.294
"256",2.96627696793003,0.294
"257",2.97790942662779,0.294
"258",2.98954188532556,0.294
"259",3.00117434402332,0.295973154362416
"260",3.01280680272109,0.297972972972973
"261",3.02443926141885,0.297972972972973
"262",3.03607172011662,0.297972972972973
"263",3.04770417881438,0.297972972972973
"264",3.05933663751215,0.297972972972973
"265",3.07096909620991,0.294
"266",3.08260155490768,0.294
"267",3.09423401360544,0.29205298013245
"268",3.10586647230321,0.294
"269",3.11749893100097,0.294
"270",3.12913138969874,0.295973154362416
"271",3.1407638483965,0.297972972972973
"272",3.15239630709427,0.297972972972973
"273",3.16402876579203,0.297972972972973
"274",3.1756612244898,0.297972972972973
"275",3.18729368318756,0.295973154362416
"276",3.19892614188533,0.294
"277",3.21055860058309,0.294
"278",3.22219105928085,0.294
"279",3.23382351797862,0.294
"280",3.24545597667638,0.295973154362416
"281",3.25708843537415,0.297972972972973
"282",3.26872089407191,0.297972972972973
"283",3.28035335276968,0.297972972972973
"284",3.29198581146744,0.297972972972973
"285",3.30361827016521,0.297972972972973
"286",3.31525072886297,0.295973154362416
"287",3.32688318756074,0.294
"288",3.3385156462585,0.294
"289",3.35014810495627,0.294
"290",3.36178056365403,0.294
"291",3.3734130223518,0.295973154362416
"292",3.38504548104956,0.297972972972973
"293",3.39667793974733,0.3
"294",3.40831039844509,0.3
"295",3.41994285714286,0.302054794520548
"296",3.43157531584062,0.294
"297",3.44320777453839,0.294
"298",3.45484023323615,0.29205298013245
"299",3.46647269193392,0.294
"300",3.47810515063168,0.294
"301",3.48973760932945,0.295973154362416
"302",3.50137006802721,0.297972972972973
"303",3.51300252672498,0.3
"304",3.52463498542274,0.3
"305",3.53626744412051,0.297972972972973
"306",3.54789990281827,0.297972972972973
"307",3.55953236151603,0.295973154362416
"308",3.5711648202138,0.294
"309",3.58279727891156,0.294
"310",3.59442973760933,0.294
"311",3.60606219630709,0.295973154362416
"312",3.61769465500486,0.3
"313",3.62932711370262,0.29205298013245
"314",3.64095957240039,0.302054794520548
"315",3.65259203109815,0.297972972972973
"316",3.66422448979592,0.295973154362416
"317",3.67585694849368,0.295973154362416
"318",3.68748940719145,0.294
"319",3.69912186588921,0.294
"320",3.71075432458698,0.294
"321",3.72238678328474,0.294
"322",3.73401924198251,0.295973154362416
"323",3.74565170068027,0.295973154362416
"324",3.75728415937804,0.3
"325",3.7689166180758,0.3
"326",3.78054907677357,0.3
"327",3.79218153547133,0.295973154362416
"328",3.8038139941691,0.295973154362416
"329",3.81544645286686,0.29205298013245
"330",3.82707891156463,0.29205298013245
"331",3.83871137026239,0.294
"332",3.85034382896016,0.295973154362416
"333",3.86197628765792,0.297972972972973
"334",3.87360874635569,0.3
"335",3.88524120505345,0.3
"336",3.89687366375121,0.297972972972973
"337",3.90850612244898,0.295973154362416
"338",3.92013858114674,0.29205298013245
"339",3.93177103984451,0.290131578947368
"340",3.94340349854227,0.294
"341",3.95503595724004,0.294
"342",3.9666684159378,0.297972972972973
"343",3.97830087463557,0.3
"344",3.98993333333333,0.29205298013245
"345",4.0015657920311,0.294
"346",4.01319825072886,0.295973154362416
"347",4.02483070942663,0.294
"348",4.03646316812439,0.295973154362416
"349",4.04809562682216,0.295973154362416
"350",4.05972808551992,0.295973154362416
"351",4.07136054421769,0.3
"352",4.08299300291545,0.295973154362416
"353",4.09462546161322,0.31056338028169
"354",4.10625792031098,0.302054794520548
"355",4.11789037900875,7.35
"356",4.12952283770651,7.35
"357",4.14115529640428,7.35
"358",4.15278775510204,7.35
"359",4.16442021379981,7.35
"360",4.17605267249757,7.35
"361",4.18768513119534,7.35
"362",4.1993175898931,7.35
"363",4.21095004859087,4.9
"364",4.22258250728863,7.35
"365",4.23421496598639,7.35
"366",4.24584742468416,7.35
"367",4.25747988338192,0.512790697674419
"368",4.26911234207969,0.297972972972973
"369",4.28074480077745,0.308391608391608
"370",4.29237725947522,0.308391608391608
"371",4.30400971817298,0.31056338028169
"372",4.31564217687075,0.31056338028169
"373",4.32727463556851,0.312765957446809
"374",4.33890709426628,0.315
"375",4.35053955296404,0.312765957446809
"376",4.36217201166181,0.31056338028169
"377",4.37380447035957,0.312765957446809
"378",4.38543692905734,0.312765957446809
"379",4.3970693877551,0.31056338028169
"380",4.40870184645287,0.312765957446809
"381",4.42033430515063,0.312765957446809
"382",4.4319667638484,0.31056338028169
"383",4.44359922254616,0.312765957446809
"384",4.45523168124393,0.315
"385",4.46686413994169,0.312765957446809
"386",4.47849659863946,0.312765957446809
"387",4.49012905733722,0.315
"388",4.50176151603499,0.312765957446809
"389",4.51339397473275,0.31056338028169
"390",4.52502643343052,0.312765957446809
"391",4.53665889212828,0.312765957446809
"392",4.54829135082604,0.31056338028169
"393",4.55992380952381,0.312765957446809
"394",4.57155626822157,0.312765957446809
"395",4.58318872691934,0.312765957446809
"396",4.5948211856171,0.312765957446809
"397",4.60645364431487,0.315
"398",4.61808610301263,0.312765957446809
"399",4.6297185617104,0.312765957446809
"400",4.64135102040816,0.315
"401",4.65298347910593,0.312765957446809
"402",4.66461593780369,0.312765957446809
"403",4.67624839650146,0.312765957446809
"404",4.68788085519922,0.312765957446809
"405",4.69951331389699,0.31056338028169
"406",4.71114577259475,0.312765957446809
"407",4.72277823129252,0.312765957446809
"408",4.73441068999028,0.312765957446809
"409",4.74604314868805,0.315
"410",4.75767560738581,0.315
"411",4.76930806608358,0.312765957446809
"412",4.78094052478134,0.315
"413",4.79257298347911,0.315
"414",4.80420544217687,0.312765957446809
"415",4.81583790087464,0.312765957446809
"416",4.8274703595724,0.315
"417",4.83910281827016,0.312765957446809
"418",4.85073527696793,0.312765957446809
"419",4.86236773566569,0.315
"420",4.87400019436346,0.315
"421",4.88563265306122,0.312765957446809
"422",4.89726511175899,0.315
"423",4.90889757045675,0.315
"424",4.92053002915452,0.312765957446809
"425",4.93216248785228,0.315
"426",4.94379494655005,0.315
"427",4.95542740524781,0.312765957446809
"428",4.96705986394558,0.312765957446809
"429",4.97869232264334,0.315
"430",4.99032478134111,0.312765957446809
"431",5.00195724003887,0.312765957446809
"432",5.01358969873664,0.315
"433",5.0252221574344,0.315
"434",5.03685461613217,0.31056338028169
"435",5.04848707482993,0.31726618705036
"436",5.0601195335277,0.312765957446809
"437",5.07175199222546,0.312765957446809
"438",5.08338445092323,0.315
"439",5.09501690962099,0.315
"440",5.10664936831876,0.312765957446809
"441",5.11828182701652,0.312765957446809
"442",5.12991428571429,0.31056338028169
"443",5.14154674441205,0.312765957446809
"444",5.15317920310981,0.315
"445",5.16481166180758,0.315
"446",5.17644412050535,0.315
"447",5.18807657920311,0.312765957446809
"448",5.19970903790087,0.315
"449",5.21134149659864,0.312765957446809
"450",5.2229739552964,0.315
"451",5.23460641399417,0.315
"452",5.24623887269193,0.31056338028169
"453",5.2578713313897,0.312765957446809
"454",5.26950379008746,0.315
"455",5.28113624878523,0.312765957446809
"456",5.29276870748299,0.312765957446809
"457",5.30440116618076,0.315
"458",5.31603362487852,0.312765957446809
"459",5.32766608357629,0.297972972972973
"460",5.33929854227405,0.302054794520548
"461",5.35093100097182,0.302054794520548
"462",5.36256345966958,7.35
"463",5.37419591836735,7.35
"464",5.38582837706511,7.35
"465",5.39746083576288,7.35
"466",5.40909329446064,7.35
"467",5.42072575315841,7.35
"468",5.43235821185617,4.9
"469",5.44399067055394,7.35
"470",5.4556231292517,7.35
"471",5.46725558794947,7.35
"472",5.47888804664723,6.3
"473",5.490520505345,7.35
"474",5.50215296404276,7.35
"475",5.51378542274052,4.9
"476",5.52541788143829,1.764
"477",5.53705034013605,7.35
"478",5.54868279883382,3.15
"479",5.56031525753158,4.41
"480",5.57194771622935,4.41
"481",5.58358017492711,4.9
"482",5.59521263362488,4.41
"483",5.60684509232264,7.35
"484",5.61847755102041,7.35
"485",5.63011000971817,7.35
"486",5.64174246841594,7.35
"487",5.6533749271137,7.35
"488",5.66500738581147,1.47
"489",5.67663984450923,1.42258064516129
"490",5.688272303207,0.312765957446809
"491",5.69990476190476,0.326666666666667
"492",5.71153722060253,0.32910447761194
"493",5.72316967930029,0.32910447761194
"494",5.73480213799806,0.32910447761194
"495",5.74643459669582,0.32910447761194
"496",5.75806705539359,0.32910447761194
"497",5.76969951409135,0.331578947368421
"498",5.78133197278912,0.331578947368421
"499",5.79296443148688,0.32910447761194
"500",5.80459689018465,0.32910447761194
"501",5.81622934888241,0.331578947368421
"502",5.82786180758017,0.331578947368421
"503",5.83949426627794,0.32910447761194
"504",5.8511267249757,0.331578947368421
"505",5.86275918367347,0.334090909090909
"506",5.87439164237123,0.331578947368421
"507",5.886024101069,0.32910447761194
"508",5.89765655976676,0.331578947368421
"509",5.90928901846453,0.334090909090909
"510",5.92092147716229,0.331578947368421
"511",5.93255393586006,0.32910447761194
"512",5.94418639455782,0.331578947368421
"513",5.95581885325559,0.334090909090909
"514",5.96745131195335,0.331578947368421
"515",5.97908377065112,0.32910447761194
"516",5.99071622934888,0.331578947368421
"517",6.00234868804665,0.334090909090909
"518",6.01398114674441,0.331578947368421
"519",6.02561360544218,0.32910447761194
"520",6.03724606413994,0.331578947368421
"521",6.04887852283771,0.334090909090909
"522",6.06051098153547,0.331578947368421
"523",6.07214344023324,0.32910447761194
"524",6.083775898931,0.331578947368421
"525",6.09540835762877,0.334090909090909
"526",6.10704081632653,0.331578947368421
"527",6.1186732750243,0.32910447761194
"528",6.13030573372206,0.331578947368421
"529",6.14193819241982,0.334090909090909
"530",6.15357065111759,0.331578947368421
"531",6.16520310981535,0.32910447761194
"532",6.17683556851312,0.334090909090909
"533",6.18846802721088,0.334090909090909
"534",6.20010048590865,0.32910447761194
"535",6.21173294460641,0.331578947368421
"536",6.22336540330418,0.334090909090909
"537",6.23499786200194,0.334090909090909
"538",6.24663032069971,0.32910447761194
"539",6.25826277939747,0.32910447761194
"540",6.26989523809524,0.334090909090909
"541",6.281527696793,0.334090909090909
"542",6.29316015549077,0.32910447761194
"543",6.30479261418853,0.32910447761194
"544",6.3164250728863,0.334090909090909
"545",6.32805753158406,0.331578947368421
"546",6.33968999028183,0.331578947368421
"547",6.35132244897959,0.331578947368421
"548",6.36295490767736,0.32910447761194
"549",6.37458736637512,0.334090909090909
"550",6.38621982507289,0.32910447761194
"551",6.39785228377065,0.331578947368421
"552",6.40948474246842,0.334090909090909
"553",6.42111720116618,0.331578947368421
"554",6.43274965986395,0.32910447761194
"555",6.44438211856171,0.32910447761194
"556",6.45601457725948,0.334090909090909
"557",6.46764703595724,0.334090909090909
"558",6.479279494655,0.32910447761194
"559",6.49091195335277,0.32910447761194
"560",6.50254441205053,0.339230769230769
"561",6.5141768707483,0.326666666666667
"562",6.52580932944606,0.331578947368421
"563",6.53744178814383,0.32910447761194
"564",6.54907424684159,0.334090909090909
"565",6.56070670553936,0.334090909090909
"566",6.57233916423712,0.32910447761194
"567",6.58397162293489,0.334090909090909
"568",6.59560408163265,0.326666666666667
"569",6.60723654033042,0.334090909090909
"570",6.61886899902818,0.32910447761194
"571",6.63050145772595,0.32910447761194
"572",6.64213391642371,0.336641221374046
"573",6.65376637512148,0.334090909090909
"574",6.66539883381924,0.32910447761194
"575",6.67703129251701,0.331578947368421
"576",6.68866375121477,0.334090909090909
"577",6.70029620991254,0.331578947368421
"578",6.7119286686103,0.32910447761194
"579",6.72356112730807,0.326666666666667
"580",6.73519358600583,0.341860465116279
"581",6.7468260447036,0.321897810218978
"582",6.75845850340136,0.324264705882353
"583",6.77009096209913,0.326666666666667
"584",6.78172342079689,0.32910447761194
"585",6.79335587949465,0.324264705882353
"586",6.80498833819242,0.315
"587",6.81662079689018,0.152595155709343
"588",6.82825325558795,7.35
"589",6.83988571428571,7.35
"590",6.85151817298348,7.35
"591",6.86315063168124,7.35
"592",6.87478309037901,4.9
"593",6.88641554907677,7.35
"594",6.89804800777454,0.31726618705036
"595",6.9096804664723,7.35
"596",6.92131292517007,7.35
"597",6.93294538386783,5.5125
"598",6.9445778425656,7.35
"599",6.95621030126336,7.35
"600",6.96784275996113,7.35
"601",6.97947521865889,7.35
"602",6.99110767735666,7.35
"603",7.00274013605442,4.9
"604",7.01437259475219,7.35
"605",7.02600505344995,7.35
"606",7.03763751214772,7.35
"607",7.04926997084548,5.5125
"608",7.06090242954325,0.160363636363636
"609",7.07253488824101,0.35
"610",7.08416734693878,0.347244094488189
"611",7.09579980563654,0.347244094488189
"612",7.1074322643343,0.347244094488189
"613",7.11906472303207,0.347244094488189
"614",7.13069718172983,0.35
"615",7.1423296404276,0.35
"616",7.15396209912536,0.347244094488189
"617",7.16559455782313,0.347244094488189
"618",7.17722701652089,0.35
"619",7.18885947521866,0.35
"620",7.20049193391642,0.35
"621",7.21212439261419,0.35
"622",7.22375685131195,0.35
"623",7.23538931000972,0.35
"624",7.24702176870748,0.35
"625",7.25865422740525,0.35
"626",7.27028668610301,0.35
"627",7.28191914480078,0.3528
"628",7.29355160349854,0.35
"629",7.30518406219631,0.347244094488189
"630",7.31681652089407,0.35
"631",7.32844897959184,0.35
"632",7.3400814382896,0.35
"633",7.35171389698737,0.35
"634",7.36334635568513,0.35
"635",7.3749788143829,0.3528
"636",7.38661127308066,0.3528
"637",7.39824373177843,0.35
"638",7.40987619047619,0.35
"639",7.42150864917395,0.3528
"640",7.43314110787172,0.3528
"641",7.44477356656948,0.35
"642",7.45640602526725,0.35
"643",7.46803848396501,0.35
"644",7.47967094266278,0.3528
"645",7.49130340136054,0.3528
"646",7.50293586005831,0.35
"647",7.51456831875607,0.35
"648",7.52620077745384,0.35
"649",7.5378332361516,0.3528
"650",7.54946569484937,0.35
"651",7.56109815354713,0.347244094488189
"652",7.5727306122449,0.35
"653",7.58436307094266,0.3528
"654",7.59599552964043,0.35
"655",7.60762798833819,0.35
"656",7.61926044703596,0.35
"657",7.63089290573372,0.3528
"658",7.64252536443149,0.3528
"659",7.65415782312925,0.35
"660",7.66579028182702,0.35
"661",7.67742274052478,0.35
"662",7.68905519922255,0.3528
"663",7.70068765792031,0.3528
"664",7.71232011661808,0.35
"665",7.72395257531584,0.35
"666",7.73558503401361,0.3528
"667",7.74721749271137,0.3528
"668",7.75884995140914,0.35
"669",7.7704824101069,0.35
"670",7.78211486880466,0.3528
"671",7.79374732750243,0.3528
"672",7.80537978620019,0.3528
"673",7.81701224489796,0.35
"674",7.82864470359572,0.35
"675",7.84027716229349,0.3528
"676",7.85190962099125,0.3528
"677",7.86354207968902,0.35
"678",7.87517453838678,0.35
"679",7.88680699708455,0.3528
"680",7.89843945578231,0.3528
"681",7.91007191448008,0.3528
"682",7.92170437317784,0.35
"683",7.93333683187561,0.3528
"684",7.94496929057337,0.3528
"685",7.95660174927114,0.35
"686",7.9682342079689,0.35
"687",7.97986666666667,0.35
"688",7.99149912536443,0.3528
"689",8.0031315840622,0.3528
"690",8.01476404275996,0.3528
"691",8.02639650145773,0.347244094488189
"692",8.03802896015549,0.3528
"693",8.04966141885325,0.336641221374046
"694",8.06129387755102,0.34453125
"695",8.07292633624878,0.341860465116279
"696",8.08455879494655,0.347244094488189
"697",8.09619125364432,0.339230769230769
"698",8.10782371234208,0.347244094488189
"699",8.11945617103984,0.341860465116279
"700",8.13108862973761,7.35
"701",8.14272108843537,7.35
"702",8.15435354713314,7.35
"703",8.1659860058309,7.35
"704",8.17761846452867,4.9
"705",8.18925092322643,7.35
"706",8.2008833819242,7.35
"707",8.21251584062196,7.35
"708",8.22414829931973,4.9
"709",8.23578075801749,7.35
"710",8.24741321671526,4.9
"711",8.25904567541302,4.41
"712",8.27067813411079,7.35
"713",8.28231059280855,4.41
"714",8.29394305150632,5.5125
"715",8.30557551020408,7.35
"716",8.31720796890185,7.35
"717",8.32884042759961,7.35
"718",8.34047288629738,4.41
"719",8.35210534499514,7.35
"720",8.3637378036929,4.9
"721",8.37537026239067,4.9
"722",8.38700272108844,7.35
"723",8.3986351797862,4.9
"724",8.41026763848397,7.35
"725",8.42190009718173,4.9
"726",8.43353255587949,3.675
"727",8.44516501457726,4.41
"728",8.45679747327502,1.8375
"729",8.46842993197279,0.364462809917355
"730",8.48006239067055,0.370588235294118
"731",8.49169484936832,0.3675
"732",8.50332730806608,0.370588235294118
"733",8.51495976676385,0.370588235294118
"734",8.52659222546161,0.370588235294118
"735",8.53822468415938,0.3675
"736",8.54985714285714,0.370588235294118
"737",8.56148960155491,0.370588235294118
"738",8.57312206025267,0.370588235294118
"739",8.58475451895044,0.370588235294118
"740",8.5963869776482,0.370588235294118
"741",8.60801943634597,0.370588235294118
"742",8.61965189504373,0.370588235294118
"743",8.6312843537415,0.370588235294118
"744",8.64291681243926,0.370588235294118
"745",8.65454927113703,0.3675
"746",8.66618172983479,0.370588235294118
"747",8.67781418853256,0.373728813559322
"748",8.68944664723032,0.370588235294118
"749",8.70107910592809,0.370588235294118
"750",8.71271156462585,0.373728813559322
"751",8.72434402332362,0.373728813559322
"752",8.73597648202138,0.370588235294118
"753",8.74760894071914,0.370588235294118
"754",8.75924139941691,0.373728813559322
"755",8.77087385811467,0.370588235294118
"756",8.78250631681244,0.370588235294118
"757",8.7941387755102,0.373728813559322
"758",8.80577123420797,0.373728813559322
"759",8.81740369290573,0.370588235294118
"760",8.8290361516035,0.370588235294118
"761",8.84066861030126,0.373728813559322
"762",8.85230106899903,0.373728813559322
"763",8.86393352769679,0.370588235294118
"764",8.87556598639456,0.370588235294118
"765",8.88719844509232,0.373728813559322
"766",8.89883090379009,0.370588235294118
"767",8.91046336248785,0.370588235294118
"768",8.92209582118562,0.373728813559322
"769",8.93372827988338,0.373728813559322
"770",8.94536073858115,0.370588235294118
"771",8.95699319727891,0.370588235294118
"772",8.96862565597668,0.373728813559322
"773",8.98025811467444,0.373728813559322
"774",8.99189057337221,0.370588235294118
"775",9.00352303206997,0.370588235294118
"776",9.01515549076774,0.373728813559322
"777",9.0267879494655,0.373728813559322
"778",9.03842040816327,0.370588235294118
"779",9.05005286686103,0.373728813559322
"780",9.06168532555879,0.370588235294118
"781",9.07331778425656,0.370588235294118
"782",9.08495024295432,0.370588235294118
"783",9.09658270165209,0.373728813559322
"784",9.10821516034985,0.373728813559322
"785",9.11984761904762,0.370588235294118
"786",9.13148007774538,0.370588235294118
"787",9.14311253644315,0.373728813559322
"788",9.15474499514091,0.373728813559322
"789",9.16637745383868,0.370588235294118
"790",9.17800991253644,0.373728813559322
"791",9.18964237123421,0.373728813559322
"792",9.20127482993197,0.370588235294118
"793",9.21290728862974,0.370588235294118
"794",9.2245397473275,0.376923076923077
"795",9.23617220602527,0.373728813559322
"796",9.24780466472303,0.370588235294118
"797",9.2594371234208,0.370588235294118
"798",9.27106958211856,0.376923076923077
"799",9.28270204081633,0.370588235294118
"800",9.29433449951409,0.370588235294118
"801",9.30596695821186,0.373728813559322
"802",9.31759941690962,0.373728813559322
"803",9.32923187560739,0.370588235294118
"804",9.34086433430515,0.370588235294118
"805",9.35249679300292,0.3675
"806",9.36412925170068,0.361475409836066
"807",9.37576171039844,0.361475409836066
"808",9.38739416909621,0.361475409836066
"809",9.39902662779397,7.35
"810",9.41065908649174,7.35
"811",9.4222915451895,0.347244094488189
"812",9.43392400388727,0.355645161290323
"813",9.44555646258503,7.35
"814",9.4571889212828,7.35
"815",9.46882137998056,5.5125
"816",9.48045383867833,4.9
"817",9.49208629737609,7.35
"818",9.50371875607386,7.35
"819",9.51535121477162,7.35
"820",9.52698367346939,5.5125
"821",9.53861613216715,7.35
"822",9.55024859086492,0.544444444444445
"823",9.56188104956268,7.35
"824",9.57351350826045,4.9
"825",9.58514596695821,7.35
"826",9.59677842565598,7.35
"827",9.60841088435374,7.35
"828",9.62004334305151,7.35
"829",9.63167580174927,4.9
"830",9.64330826044704,7.35
"831",9.6549407191448,7.35
"832",9.66657317784257,5.5125
"833",9.67820563654033,6.3
"834",9.68983809523809,4.9
"835",9.70147055393586,7.35
"836",9.71310301263362,7.35
"837",9.72473547133139,4.9
"838",9.73636793002915,4.00909090909091
"839",9.74800038872692,7.35
"840",9.75963284742468,4.9
"841",9.77126530612245,4.41
"842",9.78289776482021,4.9
"843",9.79453022351798,5.5125
"844",9.80616268221574,0.39375
"845",9.81779514091351,0.39375
"846",9.82942759961127,0.39375
"847",9.84106005830904,0.390265486725664
"848",9.8526925170068,0.390265486725664
"849",9.86432497570457,0.39375
"850",9.87595743440233,0.39375
"851",9.8875898931001,0.39375
"852",9.89922235179786,0.390265486725664
"853",9.91085481049563,0.390265486725664
"854",9.92248726919339,0.39375
"855",9.93411972789116,0.39375
"856",9.94575218658892,0.39375
"857",9.95738464528669,0.390265486725664
"858",9.96901710398445,0.39375
"859",9.98064956268222,0.39375
"860",9.99228202137998,0.39375
"861",10.0039144800777,0.390265486725664
"862",10.0155469387755,0.390265486725664
"863",10.0271793974733,0.39375
"864",10.038811856171,0.39375
"865",10.0504443148688,0.39375
"866",10.0620767735666,0.390265486725664
"867",10.0737092322643,0.39375
"868",10.0853416909621,0.39375
"869",10.0969741496599,0.39375
"870",10.1086066083576,0.390265486725664
"871",10.1202390670554,0.390265486725664
"872",10.1318715257532,0.39375
"873",10.1435039844509,0.39375
"874",10.1551364431487,0.39375
"875",10.1667689018465,0.390265486725664
"876",10.1784013605442,0.39375
"877",10.190033819242,0.39375
"878",10.2016662779397,0.39375
"879",10.2132987366375,0.390265486725664
"880",10.2249311953353,0.390265486725664
"881",10.236563654033,0.39375
"882",10.2481961127308,0.39375
"883",10.2598285714286,0.39375
"884",10.2714610301263,0.390265486725664
"885",10.2830934888241,0.39375
"886",10.2947259475219,0.39375
"887",10.3063584062196,0.39375
"888",10.3179908649174,0.390265486725664
"889",10.3296233236152,0.397297297297297
"890",10.3412557823129,0.390265486725664
"891",10.3528882410107,0.39375
"892",10.3645206997085,0.39375
"893",10.3761531584062,0.39375
"894",10.387785617104,0.390265486725664
"895",10.3994180758017,0.397297297297297
"896",10.4110505344995,0.39375
"897",10.4226829931973,0.39375
"898",10.434315451895,0.390265486725664
"899",10.4459479105928,0.39375
"900",10.4575803692906,0.39375
"901",10.4692128279883,0.39375
"902",10.4808452866861,0.390265486725664
"903",10.4924777453839,0.390265486725664
"904",10.5041102040816,0.397297297297297
"905",10.5157426627794,0.39375
"906",10.5273751214772,0.390265486725664
"907",10.5390075801749,0.390265486725664
"908",10.5506400388727,0.39375
"909",10.5622724975705,0.397297297297297
"910",10.5739049562682,0.39375
"911",10.585537414966,0.390265486725664
"912",10.5971698736638,0.39375
"913",10.6088023323615,0.39375
"914",10.6204347910593,0.39375
"915",10.632067249757,0.390265486725664
"916",10.6436997084548,0.390265486725664
"917",10.6553321671526,0.39375
"918",10.6669646258503,0.39375
"919",10.6785970845481,0.39375
"920",10.6902295432459,0.390265486725664
"921",10.7018620019436,0.390265486725664
"922",10.7134944606414,0.39375
"923",10.7251269193392,0.39375
"924",10.7367593780369,0.390265486725664
"925",10.7483918367347,0.390265486725664
"926",10.7600242954325,0.390265486725664
"927",10.7716567541302,0.39375
"928",10.783289212828,0.39375
"929",10.7949216715258,0.390265486725664
"930",10.8065541302235,0.390265486725664
"931",10.8181865889213,0.386842105263158
"932",10.829819047619,0.39375
"933",10.8414515063168,4.9
"934",10.8530839650146,7.35
"935",10.8647164237123,0.39375
"936",10.8763488824101,0.386842105263158
"937",10.8879813411079,7.35
"938",10.8996137998056,7.35
"939",10.9112462585034,7.35
"940",10.9228787172012,7.35
"941",10.9345111758989,7.35
"942",10.9461436345967,7.35
"943",10.9577760932945,4.9
"944",10.9694085519922,7.35
"945",10.98104101069,7.35
"946",10.9926734693878,4.9
"947",11.0043059280855,7.35
"948",11.0159383867833,7.35
"949",11.027570845481,4.9
"950",11.0392033041788,7.35
"951",11.0508357628766,7.35
"952",11.0624682215743,4.9
"953",11.0741006802721,4.41
"954",11.0857331389699,7.35
"955",11.0973655976676,7.35
"956",11.1089980563654,7.35
"957",11.1206305150632,4.9
"958",11.1322629737609,7.35
"959",11.1438954324587,4.9
"960",11.1555278911565,4.41
"961",11.1671603498542,0.160363636363636
"962",11.178792808552,0.400909090909091
"963",11.1904252672498,0.408333333333333
"964",11.2020577259475,5.5125
"965",11.2136901846453,0.41214953271028
"966",11.2253226433431,0.41214953271028
"967",11.2369551020408,0.41214953271028
"968",11.2485875607386,0.41214953271028
"969",11.2602200194363,0.41214953271028
"970",11.2718524781341,0.41214953271028
"971",11.2834849368319,0.41214953271028
"972",11.2951173955296,0.41214953271028
"973",11.3067498542274,0.41214953271028
"974",11.3183823129252,0.41214953271028
"975",11.3300147716229,0.41214953271028
"976",11.3416472303207,0.41214953271028
"977",11.3532796890185,0.41214953271028
"978",11.3649121477162,0.41214953271028
"979",11.376544606414,0.41214953271028
"980",11.3881770651118,0.41214953271028
"981",11.3998095238095,0.41214953271028
"982",11.4114419825073,0.41214953271028
"983",11.4230744412051,0.41214953271028
"984",11.4347068999028,0.41214953271028
"985",11.4463393586006,0.41214953271028
"986",11.4579718172983,0.41214953271028
"987",11.4696042759961,0.416037735849057
"988",11.4812367346939,0.416037735849057
"989",11.4928691933916,0.41214953271028
"990",11.5045016520894,0.416037735849057
"991",11.5161341107872,0.416037735849057
"992",11.5277665694849,0.416037735849057
"993",11.5393990281827,0.41214953271028
"994",11.5510314868805,0.41214953271028
"995",11.5626639455782,0.416037735849057
"996",11.574296404276,0.416037735849057
"997",11.5859288629738,0.416037735849057
"998",11.5975613216715,0.41214953271028
"999",11.6091937803693,0.416037735849057
"1000",11.6208262390671,0.42
"1001",11.6324586977648,0.416037735849057
"1002",11.6440911564626,0.41214953271028
"1003",11.6557236151603,0.41214953271028
"1004",11.6673560738581,0.42
"1005",11.6789885325559,0.42
"1006",11.6906209912536,0.408333333333333
"1007",11.7022534499514,0.41214953271028
"1008",11.7138859086492,0.416037735849057
"1009",11.7255183673469,0.416037735849057
"1010",11.7371508260447,0.416037735849057
"1011",11.7487832847425,0.41214953271028
"1012",11.7604157434402,0.416037735849057
"1013",11.772048202138,0.424038461538462
"1014",11.7836806608358,0.408333333333333
"1015",11.7953131195335,0.41214953271028
"1016",11.8069455782313,0.416037735849057
"1017",11.8185780369291,0.416037735849057
"1018",11.8302104956268,0.416037735849057
"1019",11.8418429543246,0.41214953271028
"1020",11.8534754130224,0.41214953271028
"1021",11.8651078717201,0.416037735849057
"1022",11.8767403304179,0.416037735849057
"1023",11.8883727891156,0.41214953271028
"1024",11.9000052478134,0.416037735849057
"1025",11.9116377065112,0.42
"1026",11.9232701652089,0.42
"1027",11.9349026239067,0.416037735849057
"1028",11.9465350826045,0.41214953271028
"1029",11.9581675413022,0.41214953271028
"1030",11.9698,0.416037735849057
"1031",11.9814324586978,0.41214953271028
"1032",11.9930649173955,0.41214953271028
"1033",12.0046973760933,0.416037735849057
"1034",12.0163298347911,0.416037735849057
"1035",12.0279622934888,0.424038461538462
"1036",12.0395947521866,0.404587155963303
"1037",12.0512272108844,0.408333333333333
"1038",12.0628596695821,0.408333333333333
"1039",12.0744921282799,0.408333333333333
"1040",12.0861245869776,0.408333333333333
"1041",12.0977570456754,0.404587155963303
"1042",12.1093895043732,0.408333333333333
"1043",12.1210219630709,7.35
"1044",12.1326544217687,7.35
"1045",12.1442868804665,7.35
"1046",12.1559193391642,7.35
"1047",12.167551797862,7.35
"1048",12.1791842565598,7.35
"1049",12.1908167152575,7.35
"1050",12.2024491739553,7.35
"1051",12.2140816326531,7.35
"1052",12.2257140913508,4.9
"1053",12.2373465500486,7.35
"1054",12.2489790087464,7.35
"1055",12.2606114674441,5.5125
"1056",12.2722439261419,4.41
"1057",12.2838763848396,7.35
"1058",12.2955088435374,4.9
"1059",12.3071413022352,4.9
"1060",12.3187737609329,4.41
"1061",12.3304062196307,7.35
"1062",12.3420386783285,7.35
"1063",12.3536711370262,2.205
"1064",12.365303595724,7.35
"1065",12.3769360544218,4.9
"1066",12.3885685131195,7.35
"1067",12.4002009718173,2.205
"1068",12.4118334305151,7.35
"1069",12.4234658892128,7.35
"1070",12.4350983479106,4.9
"1071",12.4467308066084,4.00909090909091
"1072",12.4583632653061,4.9
"1073",12.4699957240039,0.436633663366337
"1074",12.4816281827017,0.436633663366337
"1075",12.4932606413994,0.436633663366337
"1076",12.5048931000972,0.436633663366337
"1077",12.5165255587949,0.436633663366337
"1078",12.5281580174927,0.436633663366337
"1079",12.5397904761905,0.436633663366337
"1080",12.5514229348882,0.436633663366337
"1081",12.563055393586,0.436633663366337
"1082",12.5746878522838,0.436633663366337
"1083",12.5863203109815,0.436633663366337
"1084",12.5979527696793,0.436633663366337
"1085",12.6095852283771,0.436633663366337
"1086",12.6212176870748,0.436633663366337
"1087",12.6328501457726,0.436633663366337
"1088",12.6444826044704,0.436633663366337
"1089",12.6561150631681,0.436633663366337
"1090",12.6677475218659,0.436633663366337
"1091",12.6793799805637,0.436633663366337
"1092",12.6910124392614,0.436633663366337
"1093",12.7026448979592,0.436633663366337
"1094",12.7142773566569,0.436633663366337
"1095",12.7259098153547,0.436633663366337
"1096",12.7375422740525,0.436633663366337
"1097",12.7491747327502,0.441
"1098",12.760807191448,0.441
"1099",12.7724396501458,0.436633663366337
"1100",12.7840721088435,0.441
"1101",12.7957045675413,0.436633663366337
"1102",12.8073370262391,0.436633663366337
"1103",12.8189694849368,0.436633663366337
"1104",12.8306019436346,0.436633663366337
"1105",12.8422344023324,0.436633663366337
"1106",12.8538668610301,0.441
"1107",12.8654993197279,0.441
"1108",12.8771317784257,0.441
"1109",12.8887642371234,0.441
"1110",12.9003966958212,0.436633663366337
"1111",12.912029154519,0.436633663366337
"1112",12.9236616132167,0.441
"1113",12.9352940719145,0.441
"1114",12.9469265306122,0.441
"1115",12.95855898931,0.441
"1116",12.9701914480078,0.441
"1117",12.9818239067055,0.441
"1118",12.9934563654033,0.441
"1119",13.0050888241011,0.436633663366337
"1120",13.0167212827988,0.441
"1121",13.0283537414966,0.441
"1122",13.0399862001944,0.432352941176471
"1123",13.0516186588921,0.441
"1124",13.0632511175899,0.441
"1125",13.0748835762877,0.436633663366337
"1126",13.0865160349854,0.441
"1127",13.0981484936832,0.436633663366337
"1128",13.109780952381,0.441
"1129",13.1214134110787,0.441
"1130",13.1330458697765,0.436633663366337
"1131",13.1446783284742,0.441
"1132",13.156310787172,0.441
"1133",13.1679432458698,0.436633663366337
"1134",13.1795757045675,0.441
"1135",13.1912081632653,0.441
"1136",13.2028406219631,0.445454545454545
"1137",13.2144730806608,0.436633663366337
"1138",13.2261055393586,0.441
"1139",13.2377379980564,0.441
"1140",13.2493704567541,0.441
"1141",13.2610029154519,0.436633663366337
"1142",13.2726353741497,0.441
"1143",13.2842678328474,0.441
"1144",13.2959002915452,0.432352941176471
"1145",13.307532750243,0.441
"1146",13.3191652089407,0.441
"1147",13.3307976676385,0.436633663366337
"1148",13.3424301263362,0.441
"1149",13.354062585034,0.441
"1150",13.3656950437318,0.436633663366337
"1151",13.3773275024295,0.441
"1152",13.3889599611273,0.436633663366337
"1153",13.4005924198251,0.441
"1154",13.4122248785228,0.436633663366337
"1155",13.4238573372206,0.436633663366337
"1156",13.4354897959184,0.441
"1157",13.4471222546161,0.436633663366337
"1158",13.4587547133139,0.436633663366337
"1159",13.4703871720117,0.441
"1160",13.4820196307094,0.436633663366337
"1161",13.4936520894072,0.441
"1162",13.505284548105,0.436633663366337
"1163",13.5169170068027,0.441
"1164",13.5285494655005,0.445454545454545
"1165",13.5401819241983,0.436633663366337
"1166",13.551814382896,0.441
"1167",13.5634468415938,7.35
"1168",13.5750793002915,7.35
"1169",13.5867117589893,7.35
"1170",13.5983442176871,7.35
"1171",13.6099766763848,7.35
"1172",13.6216091350826,4.9
"1173",13.6332415937804,7.35
"1174",13.6448740524781,7.35
"1175",13.6565065111759,7.35
"1176",13.6681389698737,6.3
"1177",13.6797714285714,4.41
"1178",13.6914038872692,4.9
"1179",13.703036345967,4.9
"1180",13.7146688046647,4.41
"1181",13.7263012633625,7.35
"1182",13.7379337220603,7.35
"1183",13.749566180758,7.35
"1184",13.7611986394558,7.35
"1185",13.7728310981535,7.35
"1186",13.7844635568513,7.35
"1187",13.7960960155491,3.39230769230769
"1188",13.8077284742468,1.91739130434783
"1189",13.8193609329446,0.816666666666667
"1190",13.8309933916424,0.464210526315789
"1191",13.8426258503401,0.464210526315789
"1192",13.8542583090379,0.464210526315789
"1193",13.8658907677357,0.464210526315789
"1194",13.8775232264334,0.464210526315789
"1195",13.8891556851312,0.464210526315789
"1196",13.900788143829,0.459375
"1197",13.9124206025267,0.464210526315789
"1198",13.9240530612245,0.464210526315789
"1199",13.9356855199223,0.464210526315789
"1200",13.94731797862,0.464210526315789
"1201",13.9589504373178,0.464210526315789
"1202",13.9705828960155,0.464210526315789
"1203",13.9822153547133,0.464210526315789
"1204",13.9938478134111,0.464210526315789
"1205",14.0054802721088,0.469148936170213
"1206",14.0171127308066,0.464210526315789
"1207",14.0287451895044,0.464210526315789
"1208",14.0403776482021,0.464210526315789
"1209",14.0520101068999,0.464210526315789
"1210",14.0636425655977,0.464210526315789
"1211",14.0752750242954,0.464210526315789
"1212",14.0869074829932,0.464210526315789
"1213",14.098539941691,0.464210526315789
"1214",14.1101724003887,0.464210526315789
"1215",14.1218048590865,0.464210526315789
"1216",14.1334373177843,0.464210526315789
"1217",14.145069776482,0.464210526315789
"1218",14.1567022351798,0.464210526315789
"1219",14.1683346938776,0.464210526315789
"1220",14.1799671525753,0.464210526315789
"1221",14.1915996112731,0.464210526315789
"1222",14.2032320699708,0.464210526315789
"1223",14.2148645286686,0.464210526315789
"1224",14.2264969873664,0.464210526315789
"1225",14.2381294460641,0.464210526315789
"1226",14.2497619047619,0.464210526315789
"1227",14.2613943634597,0.464210526315789
"1228",14.2730268221574,0.464210526315789
"1229",14.2846592808552,0.464210526315789
"1230",14.296291739553,0.469148936170213
"1231",14.3079241982507,0.464210526315789
"1232",14.3195566569485,0.464210526315789
"1233",14.3311891156463,0.469148936170213
"1234",14.342821574344,0.464210526315789
"1235",14.3544540330418,0.464210526315789
"1236",14.3660864917396,0.464210526315789
"1237",14.3777189504373,0.464210526315789
"1238",14.3893514091351,0.464210526315789
"1239",14.4009838678328,0.459375
"1240",14.4126163265306,0.464210526315789
"1241",14.4242487852284,0.459375
"1242",14.4358812439261,0.464210526315789
"1243",14.4475137026239,0.459375
"1244",14.4591461613217,0.464210526315789
"1245",14.4707786200194,0.464210526315789
"1246",14.4824110787172,0.464210526315789
"1247",14.494043537415,0.459375
"1248",14.5056759961127,0.464210526315789
"1249",14.5173084548105,0.459375
"1250",14.5289409135083,0.464210526315789
"1251",14.540573372206,0.464210526315789
"1252",14.5522058309038,0.464210526315789
"1253",14.5638382896016,0.459375
"1254",14.5754707482993,0.464210526315789
"1255",14.5871032069971,0.469148936170213
"1256",14.5987356656948,0.469148936170213
"1257",14.6103681243926,0.464210526315789
"1258",14.6220005830904,0.459375
"1259",14.6336330417881,0.464210526315789
"1260",14.6452655004859,0.464210526315789
"1261",14.6568979591837,0.464210526315789
"1262",14.6685304178814,0.459375
"1263",14.6801628765792,0.464210526315789
"1264",14.691795335277,0.459375
"1265",14.7034277939747,0.464210526315789
"1266",14.7150602526725,0.464210526315789
"1267",14.7266927113703,0.454639175257732
"1268",14.738325170068,0.464210526315789
"1269",14.7499576287658,0.459375
"1270",14.7615900874636,0.464210526315789
"1271",14.7732225461613,7.35
"1272",14.7848550048591,7.35
"1273",14.7964874635569,7.35
"1274",14.8081199222546,0.464210526315789
"1275",14.8197523809524,7.35
"1276",14.8313848396501,0.474193548387097
"1277",14.8430172983479,7.35
"1278",14.8546497570457,7.35
"1279",14.8662822157434,7.35
"1280",14.8779146744412,7.35
"1281",14.889547133139,7.35
"1282",14.9011795918367,7.35
"1283",14.9128120505345,7.35
"1284",14.9244445092323,7.35
"1285",14.93607696793,7.35
"1286",14.9477094266278,7.35
"1287",14.9593418853256,4.41
"1288",14.9709743440233,7.35
"1289",14.9826068027211,7.35
"1290",14.9942392614189,4.41
"1291",15.0058717201166,4.41
"1292",15.0175041788144,7.35
"1293",15.0291366375121,3.15
"1294",15.0407690962099,7.35
"1295",15.0524015549077,7.35
"1296",15.0640340136054,4.9
"1297",15.0756664723032,7.35
"1298",15.087298931001,4.9
"1299",15.0989313896987,7.35
"1300",15.1105638483965,4.9
"1301",15.1221963070943,4.9
"1302",15.133828765792,4.9
"1303",15.1454612244898,4.9
"1304",15.1570936831876,4.9
"1305",15.1687261418853,1.29705882352941
"1306",15.1803586005831,0.501136363636364
"1307",15.1919910592809,0.495505617977528
"1308",15.2036235179786,0.495505617977528
"1309",15.2152559766764,0.49
"1310",15.2268884353741,0.49
"1311",15.2385208940719,0.49
"1312",15.2501533527697,0.49
"1313",15.2617858114674,0.49
"1314",15.2734182701652,0.49
"1315",15.285050728863,0.49
"1316",15.2966831875607,0.49
"1317",15.3083156462585,0.49
"1318",15.3199481049563,0.49
"1319",15.331580563654,0.49
"1320",15.3432130223518,0.49
"1321",15.3548454810496,0.49
"1322",15.3664779397473,0.49
"1323",15.3781103984451,0.49
"1324",15.3897428571429,0.49
"1325",15.4013753158406,0.49
"1326",15.4130077745384,0.49
"1327",15.4246402332362,0.49
"1328",15.4362726919339,0.49
"1329",15.4479051506317,0.49
"1330",15.4595376093294,0.49
"1331",15.4711700680272,0.49
"1332",15.482802526725,0.495505617977528
"1333",15.4944349854227,0.49
"1334",15.5060674441205,0.49
"1335",15.5176999028183,0.49
"1336",15.529332361516,0.49
"1337",15.5409648202138,0.495505617977528
"1338",15.5525972789116,0.495505617977528
"1339",15.5642297376093,0.49
"1340",15.5758621963071,0.49
"1341",15.5874946550049,0.49
"1342",15.5991271137026,0.49
"1343",15.6107595724004,0.495505617977528
"1344",15.6223920310982,0.49
"1345",15.6340244897959,0.49
"1346",15.6456569484937,0.49
"1347",15.6572894071914,0.49
"1348",15.6689218658892,0.495505617977528
"1349",15.680554324587,0.495505617977528
"1350",15.6921867832847,0.49
"1351",15.7038192419825,0.495505617977528
"1352",15.7154517006803,0.495505617977528
"1353",15.727084159378,0.49
"1354",15.7387166180758,0.495505617977528
"1355",15.7503490767736,0.495505617977528
"1356",15.7619815354713,0.49
"1357",15.7736139941691,0.495505617977528
"1358",15.7852464528669,0.49
"1359",15.7968789115646,0.495505617977528
"1360",15.8085113702624,0.495505617977528
"1361",15.8201438289602,0.49
"1362",15.8317762876579,0.495505617977528
"1363",15.8434087463557,0.49
"1364",15.8550412050534,0.49
"1365",15.8666736637512,0.495505617977528
"1366",15.878306122449,0.49
"1367",15.8899385811467,0.49
"1368",15.9015710398445,0.495505617977528
"1369",15.9132034985423,0.495505617977528
"1370",15.92483595724,0.49
"1371",15.9364684159378,0.495505617977528
"1372",15.9481008746356,0.495505617977528
"1373",15.9597333333333,0.49
"1374",15.9713657920311,0.49
"1375",15.9829982507289,0.49
"1376",15.9946307094266,0.49
"1377",16.0062631681244,0.49
"1378",16.0178956268222,0.49
"1379",16.0295280855199,0.49
"1380",16.0411605442177,0.49
"1381",16.0527930029155,0.495505617977528
"1382",16.0644254616132,0.49
"1383",16.076057920311,0.49
"1384",16.0876903790087,0.49
"1385",16.0993228377065,0.49
"1386",16.1109552964043,0.495505617977528
"1387",16.122587755102,0.49
"1388",16.1342202137998,0.49
"1389",16.1458526724976,0.495505617977528
"1390",16.1574851311953,0.495505617977528
"1391",16.1691175898931,0.49
"1392",16.1807500485909,0.49
"1393",16.1923825072886,0.484615384615385
"1394",16.2040149659864,0.495505617977528
"1395",16.2156474246842,0.49
"1396",16.2272798833819,0.49
"1397",16.2389123420797,0.49
"1398",16.2505448007775,0.495505617977528
"1399",16.2621772594752,0.49
"1400",16.273809718173,0.49
"1401",16.2854421768707,0.495505617977528
